com.samsung.shealth.stress,6086003,7
create_time,time_offset,max,custom,end_time,deviceuuid,start_time,score,pkg_name,update_time,min,binning_data,datauuid,tag_id,comment,algorithm
2020-01-30 12:01:01.278,UTC+0000,5.0,,2020-01-30 12:01:01.278,Jfw01OFXaN,2020-01-30 12:01:01.278,5.0,com.sec.android.app.shealth,2020-01-30 12:01:01.278,5.0,,60987c24-e103-f8ee-d5d8-e1266c366fd0,10000,,1
2020-02-01 13:12:20.585,UTC+0000,1.0,,2020-02-01 13:12:20.585,Jfw01OFXaN,2020-02-01 13:12:20.585,1.0,com.sec.android.app.shealth,2020-02-01 13:12:20.585,1.0,,02647612-afeb-2077-2675-d3e2e3248712,10000,,1
2020-02-11 10:01:09.365,UTC+0000,100.0,,2020-02-11 10:01:09.365,Jfw01OFXaN,2020-02-11 10:01:09.365,100.0,com.sec.android.app.shealth,2020-02-11 10:01:09.365,100.0,,d8732d2e-df7c-a8e2-8436-3b3aa02dfeee,10000,,1
2020-02-11 10:02:41.015,UTC+0000,99.0,,2020-02-11 10:02:41.015,Jfw01OFXaN,2020-02-11 10:02:41.015,99.0,com.sec.android.app.shealth,2020-02-11 10:02:41.015,99.0,,59dc49f1-2b73-a30d-cb86-53ca720ee99c,10000,,1
2020-02-14 11:01:57.358,UTC+0000,4.0,,2020-02-14 11:01:57.358,Jfw01OFXaN,2020-02-14 11:01:57.358,4.0,com.sec.android.app.shealth,2020-02-14 11:01:57.358,4.0,,55e43bd9-3ecf-ef97-f251-67d2ed1ffb77,10000,,1
2020-02-25 14:14:38.699,UTC+0000,0.0,,2020-02-25 14:14:38.699,Jfw01OFXaN,2020-02-25 14:14:38.699,0.0,com.sec.android.app.shealth,2020-02-25 14:14:38.699,0.0,,5893efde-60cd-b7cc-3233-d763ed26d0fd,10000,,1
2020-02-25 14:15:14.912,UTC+0000,15.0,,2020-02-25 14:15:14.912,Jfw01OFXaN,2020-02-25 14:15:14.912,15.0,com.sec.android.app.shealth,2020-02-25 14:15:14.912,15.0,,27b44732-c95d-0bd5-3999-3d1c2082068a,10000,,1
2020-02-25 15:02:44.409,UTC+0000,18.0,,2020-02-25 14:59:59.999,Jfw01OFXaN,2020-02-25 14:00:00.000,2.0,com.sec.android.app.shealth,2020-02-25 15:02:44.409,0.0,06a79b43-8fcc-4815-c451-a5c9d15009e6.binning_data.json,06a79b43-8fcc-4815-c451-a5c9d15009e6,10011,,1
2020-02-25 16:03:07.737,UTC+0000,9.0,,2020-02-25 15:59:59.999,Jfw01OFXaN,2020-02-25 15:00:00.000,1.0,com.sec.android.app.shealth,2020-02-25 16:03:07.737,0.0,20570b40-31e8-b6c7-e5b5-2346be30aa01.binning_data.json,20570b40-31e8-b6c7-e5b5-2346be30aa01,10011,,1
2020-02-25 16:10:11.187,UTC+0000,65.0,,2020-02-25 16:59:59.999,Jfw01OFXaN,2020-02-25 16:00:00.000,5.0,com.sec.android.app.shealth,2020-02-25 17:09:05.556,0.0,04fc5b49-a614-028a-017b-60122c4937b6.binning_data.json,04fc5b49-a614-028a-017b-60122c4937b6,10011,,1
2020-02-25 18:04:54.656,UTC+0000,92.0,,2020-02-25 17:59:59.999,Jfw01OFXaN,2020-02-25 17:00:00.000,12.0,com.sec.android.app.shealth,2020-02-25 18:04:54.656,0.0,3e1183cb-7bc1-3c2f-7551-bd413fcfbaa8.binning_data.json,3e1183cb-7bc1-3c2f-7551-bd413fcfbaa8,10011,,1
2020-02-25 19:04:50.380,UTC+0000,99.0,,2020-02-25 18:59:59.999,Jfw01OFXaN,2020-02-25 18:00:00.000,18.0,com.sec.android.app.shealth,2020-02-25 19:04:50.380,0.0,5c077a89-784c-6751-fc16-55d47855e270.binning_data.json,5c077a89-784c-6751-fc16-55d47855e270,10011,,1
2020-02-25 20:01:14.650,UTC+0000,100.0,,2020-02-25 19:59:59.999,Jfw01OFXaN,2020-02-25 19:00:00.000,33.0,com.sec.android.app.shealth,2020-02-25 20:01:14.650,0.0,004f2936-96b3-4d9e-aa61-dfc2deab712c.binning_data.json,004f2936-96b3-4d9e-aa61-dfc2deab712c,10011,,1
2020-02-25 21:07:04.402,UTC+0000,88.0,,2020-02-25 20:59:59.999,Jfw01OFXaN,2020-02-25 20:00:00.000,35.0,com.sec.android.app.shealth,2020-02-25 21:07:04.402,10.0,12bde8b5-700f-636c-7561-9d268757a437.binning_data.json,12bde8b5-700f-636c-7561-9d268757a437,10011,,1
2020-02-25 22:02:51.690,UTC+0000,97.0,,2020-02-25 21:59:59.999,Jfw01OFXaN,2020-02-25 21:00:00.000,18.0,com.sec.android.app.shealth,2020-02-25 22:02:51.690,0.0,fb7e12e4-8746-60c6-7f38-f9c618b0c5eb.binning_data.json,fb7e12e4-8746-60c6-7f38-f9c618b0c5eb,10011,,1
2020-02-25 23:03:00.684,UTC+0000,78.0,,2020-02-25 22:59:59.999,Jfw01OFXaN,2020-02-25 22:00:00.000,9.0,com.sec.android.app.shealth,2020-02-25 23:03:00.684,0.0,5a44ee84-8500-7044-1b02-891233489aad.binning_data.json,5a44ee84-8500-7044-1b02-891233489aad,10011,,1
2020-02-26 00:03:02.763,UTC+0000,2.0,,2020-02-25 23:59:59.999,Jfw01OFXaN,2020-02-25 23:00:00.000,0.0,com.sec.android.app.shealth,2020-02-26 00:03:02.763,0.0,36dfe0f8-cef8-64a8-3dcc-e833827ea39b.binning_data.json,36dfe0f8-cef8-64a8-3dcc-e833827ea39b,10011,,1
2020-02-26 04:01:29.446,UTC+0000,0.0,,2020-02-26 03:59:59.999,Jfw01OFXaN,2020-02-26 03:00:00.000,0.0,com.sec.android.app.shealth,2020-02-26 04:01:29.446,0.0,fd951a94-9594-aa8d-bbb6-2026283ff885.binning_data.json,fd951a94-9594-aa8d-bbb6-2026283ff885,10011,,1
2020-02-26 05:01:30.477,UTC+0000,0.0,,2020-02-26 04:59:59.999,Jfw01OFXaN,2020-02-26 04:00:00.000,0.0,com.sec.android.app.shealth,2020-02-26 05:01:30.477,0.0,bc856726-48b1-8258-fdfb-cb6f82d671e9.binning_data.json,bc856726-48b1-8258-fdfb-cb6f82d671e9,10011,,1
2020-02-26 08:31:59.352,UTC+0000,7.0,,2020-02-26 05:59:59.999,Jfw01OFXaN,2020-02-26 05:00:00.000,0.0,com.sec.android.app.shealth,2020-02-26 08:31:59.352,0.0,eaff4cdf-7f19-f04c-4001-e99338b30b61.binning_data.json,eaff4cdf-7f19-f04c-4001-e99338b30b61,10011,,1
2020-02-26 09:06:56.562,UTC+0000,32.0,,2020-02-26 08:59:59.999,Jfw01OFXaN,2020-02-26 08:00:00.000,1.0,com.sec.android.app.shealth,2020-02-26 09:06:56.562,0.0,82683ab8-72e2-40ff-874e-6ec2ed2628ae.binning_data.json,82683ab8-72e2-40ff-874e-6ec2ed2628ae,10011,,1
2020-02-26 10:04:11.434,UTC+0000,66.0,,2020-02-26 09:59:59.999,Jfw01OFXaN,2020-02-26 09:00:00.000,9.0,com.sec.android.app.shealth,2020-02-26 10:04:11.434,0.0,f47d4107-de75-df11-2719-bec2301257b8.binning_data.json,f47d4107-de75-df11-2719-bec2301257b8,10011,,1
2020-02-26 12:18:07.331,UTC+0000,7.0,,2020-02-26 10:59:59.999,Jfw01OFXaN,2020-02-26 10:00:00.000,7.0,com.sec.android.app.shealth,2020-02-26 12:18:07.331,7.0,6e81956f-0bdb-a3b7-e705-6bbf220c5ca3.binning_data.json,6e81956f-0bdb-a3b7-e705-6bbf220c5ca3,10011,,1
2020-02-26 13:08:34.615,UTC+0000,100.0,,2020-02-26 12:59:59.999,Jfw01OFXaN,2020-02-26 12:00:00.000,33.0,com.sec.android.app.shealth,2020-02-26 13:08:34.615,1.0,2ab2f109-2ebe-ecf4-f51f-8a8794f3f77a.binning_data.json,2ab2f109-2ebe-ecf4-f51f-8a8794f3f77a,10011,,1
2020-02-26 14:01:51.340,UTC+0000,95.0,,2020-02-26 13:59:59.999,Jfw01OFXaN,2020-02-26 13:00:00.000,36.0,com.sec.android.app.shealth,2020-02-26 14:01:51.340,1.0,e8406445-5a3d-b3ac-5ebc-deb2171c66b7.binning_data.json,e8406445-5a3d-b3ac-5ebc-deb2171c66b7,10011,,1
2020-02-26 15:09:07.387,UTC+0000,100.0,,2020-02-26 14:59:59.999,Jfw01OFXaN,2020-02-26 14:00:00.000,51.0,com.sec.android.app.shealth,2020-02-26 15:09:07.387,0.0,f9c930a2-a09f-c168-9b6b-2d0d85fb2a5f.binning_data.json,f9c930a2-a09f-c168-9b6b-2d0d85fb2a5f,10011,,1
2020-02-26 16:03:40.441,UTC+0000,100.0,,2020-02-26 15:59:59.999,Jfw01OFXaN,2020-02-26 15:00:00.000,57.0,com.sec.android.app.shealth,2020-02-26 16:03:40.441,0.0,14bfd540-1c38-df0f-f108-91ceff6bb496.binning_data.json,14bfd540-1c38-df0f-f108-91ceff6bb496,10011,,1
2020-02-26 17:04:32.572,UTC+0000,100.0,,2020-02-26 16:59:59.999,Jfw01OFXaN,2020-02-26 16:00:00.000,83.0,com.sec.android.app.shealth,2020-02-26 17:04:32.572,2.0,6862751d-d813-40cc-d800-cba47d0f6e50.binning_data.json,6862751d-d813-40cc-d800-cba47d0f6e50,10011,,1
2020-02-26 18:01:34.424,UTC+0000,100.0,,2020-02-26 17:59:59.999,Jfw01OFXaN,2020-02-26 17:00:00.000,33.0,com.sec.android.app.shealth,2020-02-26 18:01:34.424,0.0,da0fe2c3-4c4c-6cc5-1f05-f6b6bf151378.binning_data.json,da0fe2c3-4c4c-6cc5-1f05-f6b6bf151378,10011,,1
2020-02-26 19:03:01.412,UTC+0000,88.0,,2020-02-26 18:59:59.999,Jfw01OFXaN,2020-02-26 18:00:00.000,16.0,com.sec.android.app.shealth,2020-02-26 19:03:01.412,1.0,2f6d6d35-9ae0-35ca-39b3-c681c65b7b1f.binning_data.json,2f6d6d35-9ae0-35ca-39b3-c681c65b7b1f,10011,,1
2020-02-26 20:01:05.693,UTC+0000,98.0,,2020-02-26 19:59:59.999,Jfw01OFXaN,2020-02-26 19:00:00.000,49.0,com.sec.android.app.shealth,2020-02-26 20:01:05.693,1.0,fd3c558e-02ef-28b2-d1ef-6a0765353e42.binning_data.json,fd3c558e-02ef-28b2-d1ef-6a0765353e42,10011,,1
2020-02-26 21:09:53.588,UTC+0000,100.0,,2020-02-26 20:59:59.999,Jfw01OFXaN,2020-02-26 20:00:00.000,10.0,com.sec.android.app.shealth,2020-02-26 21:09:53.588,0.0,2e40c9ab-51a7-c305-d5eb-180fc0782ec0.binning_data.json,2e40c9ab-51a7-c305-d5eb-180fc0782ec0,10011,,1
2020-02-26 21:56:01.903,UTC+0000,1.0,,2020-02-26 21:56:01.899,Jfw01OFXaN,2020-02-26 21:00:00.000,0.0,com.sec.android.app.shealth,2020-02-26 21:56:01.903,0.0,5f2bfbc4-55ba-9915-8cc7-e6239b1e1b9f.binning_data.json,5f2bfbc4-55ba-9915-8cc7-e6239b1e1b9f,10011,,1
2020-02-27 08:07:54.414,UTC+0000,0.0,,2020-02-27 07:59:59.999,Jfw01OFXaN,2020-02-27 07:00:00.000,0.0,com.sec.android.app.shealth,2020-02-27 08:07:54.414,0.0,c18504f4-8711-3f25-e6a7-92a617b72eda.binning_data.json,c18504f4-8711-3f25-e6a7-92a617b72eda,10011,,1
2020-02-27 08:07:54.442,UTC+0000,5.0,,2020-02-27 08:59:59.999,Jfw01OFXaN,2020-02-27 08:00:00.000,0.0,com.sec.android.app.shealth,2020-02-27 09:03:09.409,0.0,29e15578-e810-2f24-5fdc-39ce428f2f5d.binning_data.json,29e15578-e810-2f24-5fdc-39ce428f2f5d,10011,,1
2020-02-27 10:01:54.689,UTC+0000,100.0,,2020-02-27 09:59:59.999,Jfw01OFXaN,2020-02-27 09:00:00.000,16.0,com.sec.android.app.shealth,2020-02-27 10:01:54.689,0.0,b53cce88-bcfd-b781-cff9-1f5e3c39529d.binning_data.json,b53cce88-bcfd-b781-cff9-1f5e3c39529d,10011,,1
2020-02-27 11:10:01.516,UTC+0000,100.0,,2020-02-27 10:59:59.999,Jfw01OFXaN,2020-02-27 10:00:00.000,26.0,com.sec.android.app.shealth,2020-02-27 11:10:01.516,0.0,b4d2a690-3beb-71e1-86e6-226ecef4883d.binning_data.json,b4d2a690-3beb-71e1-86e6-226ecef4883d,10011,,1
2020-02-27 12:08:14.645,UTC+0000,70.0,,2020-02-27 11:59:59.999,Jfw01OFXaN,2020-02-27 11:00:00.000,14.0,com.sec.android.app.shealth,2020-02-27 12:08:14.645,0.0,f5368575-dc5f-4d7e-3716-092f6010ccb4.binning_data.json,f5368575-dc5f-4d7e-3716-092f6010ccb4,10011,,1
2020-02-27 13:01:26.589,UTC+0000,92.0,,2020-02-27 12:59:59.999,Jfw01OFXaN,2020-02-27 12:00:00.000,31.0,com.sec.android.app.shealth,2020-02-27 13:01:26.589,0.0,beb82c10-759a-e110-84c1-500a9f894f2c.binning_data.json,beb82c10-759a-e110-84c1-500a9f894f2c,10011,,1
2020-02-27 14:01:44.369,UTC+0000,50.0,,2020-02-27 13:59:59.999,Jfw01OFXaN,2020-02-27 13:00:00.000,2.0,com.sec.android.app.shealth,2020-02-27 14:01:44.369,0.0,aa71a3e7-a07b-6b5b-1f2d-74d4cdf0f569.binning_data.json,aa71a3e7-a07b-6b5b-1f2d-74d4cdf0f569,10011,,1
2020-02-27 15:01:02.434,UTC+0000,94.0,,2020-02-27 14:59:59.999,Jfw01OFXaN,2020-02-27 14:00:00.000,30.0,com.sec.android.app.shealth,2020-02-27 15:01:02.434,0.0,c8ce59b6-0d5c-1fe0-8480-d0b0cb8627c8.binning_data.json,c8ce59b6-0d5c-1fe0-8480-d0b0cb8627c8,10011,,1
2020-02-27 16:04:59.688,UTC+0000,99.0,,2020-02-27 15:59:59.999,Jfw01OFXaN,2020-02-27 15:00:00.000,27.0,com.sec.android.app.shealth,2020-02-27 16:04:59.688,0.0,0cbe1fd3-795e-af06-fded-c1e86eb94022.binning_data.json,0cbe1fd3-795e-af06-fded-c1e86eb94022,10011,,1
2020-02-27 17:05:19.657,UTC+0000,99.0,,2020-02-27 16:59:59.999,Jfw01OFXaN,2020-02-27 16:00:00.000,13.0,com.sec.android.app.shealth,2020-02-27 17:05:19.657,0.0,1f393821-b212-f813-e5f2-a648f7eb0b83.binning_data.json,1f393821-b212-f813-e5f2-a648f7eb0b83,10011,,1
2020-02-27 18:02:50.478,UTC+0000,7.0,,2020-02-27 17:59:59.999,Jfw01OFXaN,2020-02-27 17:00:00.000,0.0,com.sec.android.app.shealth,2020-02-27 18:02:50.478,0.0,88e520ee-363b-0fa7-ab5d-d72539bb57a2.binning_data.json,88e520ee-363b-0fa7-ab5d-d72539bb57a2,10011,,1
2020-02-27 19:06:19.334,UTC+0000,11.0,,2020-02-27 18:59:59.999,Jfw01OFXaN,2020-02-27 18:00:00.000,0.0,com.sec.android.app.shealth,2020-02-27 19:06:19.334,0.0,f9b46c36-d9c4-b1dd-0769-3f7a2711648e.binning_data.json,f9b46c36-d9c4-b1dd-0769-3f7a2711648e,10011,,1
2020-02-27 20:02:11.307,UTC+0000,100.0,,2020-02-27 19:59:59.999,Jfw01OFXaN,2020-02-27 19:00:00.000,21.0,com.sec.android.app.shealth,2020-02-27 20:02:11.307,0.0,6a1d923e-4cf2-1d70-0bea-84237fc82046.binning_data.json,6a1d923e-4cf2-1d70-0bea-84237fc82046,10011,,1
2020-02-27 21:05:20.414,UTC+0000,100.0,,2020-02-27 20:59:59.999,Jfw01OFXaN,2020-02-27 20:00:00.000,36.0,com.sec.android.app.shealth,2020-02-27 21:05:20.414,0.0,48a61f3b-d757-0bea-b330-408632491e0e.binning_data.json,48a61f3b-d757-0bea-b330-408632491e0e,10011,,1
2020-02-27 22:03:57.686,UTC+0000,6.0,,2020-02-27 21:59:59.999,Jfw01OFXaN,2020-02-27 21:00:00.000,2.0,com.sec.android.app.shealth,2020-02-27 22:03:57.686,1.0,5da4dd9c-1aaf-58fa-b2b7-755df2dbd41f.binning_data.json,5da4dd9c-1aaf-58fa-b2b7-755df2dbd41f,10011,,1
2020-02-28 00:45:24.850,UTC+0000,3.0,,2020-02-28 00:45:24.844,Jfw01OFXaN,2020-02-28 00:00:00.000,0.0,com.sec.android.app.shealth,2020-02-28 00:45:24.850,0.0,79e87a3a-8e17-6f97-e824-deaec2b27e70.binning_data.json,79e87a3a-8e17-6f97-e824-deaec2b27e70,10011,,1
2020-02-28 03:25:41.760,UTC+0000,41.0,,2020-02-28 03:59:59.999,Jfw01OFXaN,2020-02-28 03:00:00.000,1.0,com.sec.android.app.shealth,2020-02-28 12:59:26.381,0.0,5fca1e16-fbf4-fc75-be2b-7caa70a0c539.binning_data.json,5fca1e16-fbf4-fc75-be2b-7caa70a0c539,10011,,1
2020-02-28 12:59:28.802,UTC+0000,43.0,,2020-02-28 12:59:59.999,Jfw01OFXaN,2020-02-28 12:00:00.000,34.0,com.sec.android.app.shealth,2020-02-28 20:23:11.267,17.0,9958bab5-2e8f-2349-1ed5-38984fdca4b8.binning_data.json,9958bab5-2e8f-2349-1ed5-38984fdca4b8,10011,,1
2020-02-28 21:03:12.442,UTC+0000,57.0,,2020-02-28 20:59:59.999,Jfw01OFXaN,2020-02-28 20:00:00.000,7.0,com.sec.android.app.shealth,2020-02-28 21:03:12.442,1.0,f4e083ce-cf32-ad81-2b35-879cb88e8d4e.binning_data.json,f4e083ce-cf32-ad81-2b35-879cb88e8d4e,10011,,1
2020-02-29 00:04:16.383,UTC+0000,100.0,,2020-02-28 23:59:59.999,Jfw01OFXaN,2020-02-28 23:00:00.000,94.0,com.sec.android.app.shealth,2020-02-29 00:04:16.383,2.0,d365ae7d-2702-7f56-6b9c-883280bdd563.binning_data.json,d365ae7d-2702-7f56-6b9c-883280bdd563,10011,,1
2020-02-29 02:05:25.379,UTC+0000,85.0,,2020-02-29 01:59:59.999,Jfw01OFXaN,2020-02-29 01:00:00.000,49.0,com.sec.android.app.shealth,2020-02-29 02:05:25.379,0.0,002eef43-ec0c-a637-368e-106263686464.binning_data.json,002eef43-ec0c-a637-368e-106263686464,10011,,1
2020-02-29 03:05:29.378,UTC+0000,86.0,,2020-02-29 02:59:59.999,Jfw01OFXaN,2020-02-29 02:00:00.000,35.0,com.sec.android.app.shealth,2020-02-29 03:05:29.378,14.0,8e4533cb-bcdd-aae4-ff0e-48731320f6ec.binning_data.json,8e4533cb-bcdd-aae4-ff0e-48731320f6ec,10011,,1
2020-02-29 04:05:31.447,UTC+0000,65.0,,2020-02-29 03:59:59.999,Jfw01OFXaN,2020-02-29 03:00:00.000,20.0,com.sec.android.app.shealth,2020-02-29 04:05:31.447,0.0,a174d7da-61f8-fca5-9542-cde138ab08bc.binning_data.json,a174d7da-61f8-fca5-9542-cde138ab08bc,10011,,1
2020-02-29 05:09:35.376,UTC+0000,3.0,,2020-02-29 04:59:59.999,Jfw01OFXaN,2020-02-29 04:00:00.000,0.0,com.sec.android.app.shealth,2020-02-29 05:09:35.376,0.0,8be90543-a43e-7607-e36f-dff75a38adb4.binning_data.json,8be90543-a43e-7607-e36f-dff75a38adb4,10011,,1
2020-02-29 06:10:07.613,UTC+0000,6.0,,2020-02-29 05:59:59.999,Jfw01OFXaN,2020-02-29 05:00:00.000,0.0,com.sec.android.app.shealth,2020-02-29 06:10:07.613,0.0,e031dd47-21e6-03f8-0ebf-24bd9b7ff28a.binning_data.json,e031dd47-21e6-03f8-0ebf-24bd9b7ff28a,10011,,1
2020-02-29 07:06:19.513,UTC+0000,43.0,,2020-02-29 06:59:59.999,Jfw01OFXaN,2020-02-29 06:00:00.000,7.0,com.sec.android.app.shealth,2020-02-29 07:06:19.513,0.0,5acb32a5-77f2-2546-d2db-8b6286d1099b.binning_data.json,5acb32a5-77f2-2546-d2db-8b6286d1099b,10011,,1
2020-02-29 08:10:08.562,UTC+0000,73.0,,2020-02-29 07:59:59.999,Jfw01OFXaN,2020-02-29 07:00:00.000,19.0,com.sec.android.app.shealth,2020-02-29 08:10:08.562,1.0,de8aca33-267d-1546-0f66-099dd442e451.binning_data.json,de8aca33-267d-1546-0f66-099dd442e451,10011,,1
2020-02-29 09:07:29.870,UTC+0000,91.0,,2020-02-29 08:59:59.999,Jfw01OFXaN,2020-02-29 08:00:00.000,30.0,com.sec.android.app.shealth,2020-02-29 09:07:29.870,0.0,2a385a4f-86ac-192c-f0ca-6ba38ffdc19a.binning_data.json,2a385a4f-86ac-192c-f0ca-6ba38ffdc19a,10011,,1
2020-02-29 09:19:35.830,UTC+0000,50.0,,2020-02-29 09:59:59.999,Jfw01OFXaN,2020-02-29 09:00:00.000,6.0,com.sec.android.app.shealth,2020-02-29 14:15:04.443,0.0,8e8dfde9-71c1-2e0c-c0dc-7e340f188d0f.binning_data.json,8e8dfde9-71c1-2e0c-c0dc-7e340f188d0f,10011,,1
2020-02-29 15:04:51.389,UTC+0000,100.0,,2020-02-29 14:59:59.999,Jfw01OFXaN,2020-02-29 14:00:00.000,62.0,com.sec.android.app.shealth,2020-02-29 15:04:51.389,0.0,e9c5e1cc-9a23-2bfa-e3a1-ba549989e2f0.binning_data.json,e9c5e1cc-9a23-2bfa-e3a1-ba549989e2f0,10011,,1
2020-02-29 16:06:21.650,UTC+0000,100.0,,2020-02-29 15:59:59.999,Jfw01OFXaN,2020-02-29 15:00:00.000,88.0,com.sec.android.app.shealth,2020-02-29 16:06:21.650,0.0,67274b55-2043-8147-0304-7a8ad89092a9.binning_data.json,67274b55-2043-8147-0304-7a8ad89092a9,10011,,1
2020-02-29 17:01:03.506,UTC+0000,96.0,,2020-02-29 16:59:59.999,Jfw01OFXaN,2020-02-29 16:00:00.000,24.0,com.sec.android.app.shealth,2020-02-29 17:01:03.506,0.0,e4a5e72a-e3ec-940e-db6c-5f6f9daa3de0.binning_data.json,e4a5e72a-e3ec-940e-db6c-5f6f9daa3de0,10011,,1
2020-02-29 18:02:20.413,UTC+0000,83.0,,2020-02-29 17:59:59.999,Jfw01OFXaN,2020-02-29 17:00:00.000,20.0,com.sec.android.app.shealth,2020-02-29 18:02:20.413,0.0,d46ebf04-31b8-d6aa-0b66-cf9603c16fdb.binning_data.json,d46ebf04-31b8-d6aa-0b66-cf9603c16fdb,10011,,1
2020-02-29 19:04:28.276,UTC+0000,98.0,,2020-02-29 18:59:59.999,Jfw01OFXaN,2020-02-29 18:00:00.000,29.0,com.sec.android.app.shealth,2020-02-29 19:04:28.276,0.0,8069e16e-1399-f212-a9f8-08c67185a135.binning_data.json,8069e16e-1399-f212-a9f8-08c67185a135,10011,,1
2020-02-29 20:10:46.421,UTC+0000,100.0,,2020-02-29 19:59:59.999,Jfw01OFXaN,2020-02-29 19:00:00.000,55.0,com.sec.android.app.shealth,2020-02-29 20:10:46.421,0.0,457e4584-c2bb-946b-dc3d-0140c1c530f5.binning_data.json,457e4584-c2bb-946b-dc3d-0140c1c530f5,10011,,1
2020-02-29 21:10:48.582,UTC+0000,96.0,,2020-02-29 20:59:59.999,Jfw01OFXaN,2020-02-29 20:00:00.000,70.0,com.sec.android.app.shealth,2020-02-29 21:10:48.582,12.0,0eb94757-e916-ab4e-36f2-29c6c06e4a23.binning_data.json,0eb94757-e916-ab4e-36f2-29c6c06e4a23,10011,,1
2020-03-01 01:01:07.395,UTC+0000,63.0,,2020-03-01 00:59:59.999,Jfw01OFXaN,2020-03-01 00:00:00.000,4.0,com.sec.android.app.shealth,2020-03-01 01:01:07.395,0.0,12f4d147-18ee-9264-8afe-6c9b3b9ef8f1.binning_data.json,12f4d147-18ee-9264-8afe-6c9b3b9ef8f1,10011,,1
2020-03-01 08:21:24.305,UTC+0000,1.0,,2020-03-01 01:59:59.999,Jfw01OFXaN,2020-03-01 01:00:00.000,1.0,com.sec.android.app.shealth,2020-03-01 08:21:24.305,1.0,5d487164-e116-bdf7-1ead-2395fff516de.binning_data.json,5d487164-e116-bdf7-1ead-2395fff516de,10011,,1
2020-03-01 09:01:25.473,UTC+0000,69.0,,2020-03-01 08:59:59.999,Jfw01OFXaN,2020-03-01 08:00:00.000,17.0,com.sec.android.app.shealth,2020-03-01 09:01:25.473,1.0,5c6da842-0a50-d962-1ca0-916f7928ab7e.binning_data.json,5c6da842-0a50-d962-1ca0-916f7928ab7e,10011,,1
2020-03-01 10:36:07.488,UTC+0000,75.0,,2020-03-01 09:59:59.999,Jfw01OFXaN,2020-03-01 09:00:00.000,19.0,com.sec.android.app.shealth,2020-03-01 10:36:07.488,0.0,f5f80cdf-d3fd-f21f-8f52-79dec9428b08.binning_data.json,f5f80cdf-d3fd-f21f-8f52-79dec9428b08,10011,,1
2020-03-01 11:10:23.387,UTC+0000,99.0,,2020-03-01 10:59:59.999,Jfw01OFXaN,2020-03-01 10:00:00.000,33.0,com.sec.android.app.shealth,2020-03-01 11:10:23.387,0.0,3944f0d9-5d10-6ff3-1cdc-118609675fc5.binning_data.json,3944f0d9-5d10-6ff3-1cdc-118609675fc5,10011,,1
2020-03-01 12:05:17.639,UTC+0000,99.0,,2020-03-01 11:59:59.999,Jfw01OFXaN,2020-03-01 11:00:00.000,40.0,com.sec.android.app.shealth,2020-03-01 12:05:17.639,0.0,457039fa-9c4f-c828-45b0-d92b7a96c74e.binning_data.json,457039fa-9c4f-c828-45b0-d92b7a96c74e,10011,,1
2020-03-01 12:45:36.790,UTC+0000,97.0,,2020-03-01 12:59:59.999,Jfw01OFXaN,2020-03-01 12:00:00.000,12.0,com.sec.android.app.shealth,2020-03-01 13:01:10.326,0.0,d3b82d4d-bb90-995e-d138-008020a21ae3.binning_data.json,d3b82d4d-bb90-995e-d138-008020a21ae3,10011,,1
2020-03-01 14:07:25.500,UTC+0000,94.0,,2020-03-01 13:59:59.999,Jfw01OFXaN,2020-03-01 13:00:00.000,11.0,com.sec.android.app.shealth,2020-03-01 14:07:25.500,0.0,b070073a-3877-1285-563d-7197b688b82b.binning_data.json,b070073a-3877-1285-563d-7197b688b82b,10011,,1
2020-03-01 15:09:27.475,UTC+0000,100.0,,2020-03-01 14:59:59.999,Jfw01OFXaN,2020-03-01 14:00:00.000,35.0,com.sec.android.app.shealth,2020-03-01 15:09:27.475,0.0,fee0d0ee-457c-3c42-266e-8beea0ffdf9c.binning_data.json,fee0d0ee-457c-3c42-266e-8beea0ffdf9c,10011,,1
2020-03-01 16:06:12.462,UTC+0000,100.0,,2020-03-01 15:59:59.999,Jfw01OFXaN,2020-03-01 15:00:00.000,38.0,com.sec.android.app.shealth,2020-03-01 16:06:12.462,0.0,c0543165-7c12-0f66-a49c-5b137bcbc79d.binning_data.json,c0543165-7c12-0f66-a49c-5b137bcbc79d,10011,,1
2020-03-01 17:01:40.701,UTC+0000,100.0,,2020-03-01 16:59:59.999,Jfw01OFXaN,2020-03-01 16:00:00.000,49.0,com.sec.android.app.shealth,2020-03-01 17:01:40.701,0.0,d5ee9ed5-ef82-65ce-13cb-e66c31b3b6a2.binning_data.json,d5ee9ed5-ef82-65ce-13cb-e66c31b3b6a2,10011,,1
2020-03-01 18:09:01.883,UTC+0000,100.0,,2020-03-01 17:59:59.999,Jfw01OFXaN,2020-03-01 17:00:00.000,27.0,com.sec.android.app.shealth,2020-03-01 18:09:01.883,0.0,ec128f17-677f-b3ab-27a3-5ba17d916523.binning_data.json,ec128f17-677f-b3ab-27a3-5ba17d916523,10011,,1
2020-03-01 19:10:06.321,UTC+0000,49.0,,2020-03-01 18:59:59.999,Jfw01OFXaN,2020-03-01 18:00:00.000,1.0,com.sec.android.app.shealth,2020-03-01 19:10:06.321,0.0,bbdcdfa8-5ada-6767-fb00-97dba17db83f.binning_data.json,bbdcdfa8-5ada-6767-fb00-97dba17db83f,10011,,1
2020-03-01 20:02:31.619,UTC+0000,100.0,,2020-03-01 19:59:59.999,Jfw01OFXaN,2020-03-01 19:00:00.000,49.0,com.sec.android.app.shealth,2020-03-01 20:02:31.619,0.0,d7fc4834-06a1-ff21-11ce-9632f3ce4875.binning_data.json,d7fc4834-06a1-ff21-11ce-9632f3ce4875,10011,,1
2020-03-01 21:03:45.478,UTC+0000,97.0,,2020-03-01 20:59:59.999,Jfw01OFXaN,2020-03-01 20:00:00.000,36.0,com.sec.android.app.shealth,2020-03-01 21:03:45.478,0.0,da8da47c-da79-406c-31f7-14b99c7e2857.binning_data.json,da8da47c-da79-406c-31f7-14b99c7e2857,10011,,1
2020-03-01 22:07:04.346,UTC+0000,90.0,,2020-03-01 21:59:59.999,Jfw01OFXaN,2020-03-01 21:00:00.000,13.0,com.sec.android.app.shealth,2020-03-01 22:07:04.346,0.0,ccd08923-79ff-df3b-c943-b066a0e8af65.binning_data.json,ccd08923-79ff-df3b-c943-b066a0e8af65,10011,,1
2020-03-01 23:07:09.386,UTC+0000,39.0,,2020-03-01 22:59:59.999,Jfw01OFXaN,2020-03-01 22:00:00.000,5.0,com.sec.android.app.shealth,2020-03-01 23:07:09.386,0.0,f7a6ffc5-f2e7-7720-dd7b-8f344b7e015d.binning_data.json,f7a6ffc5-f2e7-7720-dd7b-8f344b7e015d,10011,,1
2020-03-02 00:07:13.410,UTC+0000,4.0,,2020-03-01 23:59:59.999,Jfw01OFXaN,2020-03-01 23:00:00.000,1.0,com.sec.android.app.shealth,2020-03-02 00:07:13.410,0.0,d61deee5-835e-d9ed-f218-6254e0911b01.binning_data.json,d61deee5-835e-d9ed-f218-6254e0911b01,10011,,1
2020-03-02 06:10:20.394,UTC+0000,0.0,,2020-03-02 05:59:59.999,Jfw01OFXaN,2020-03-02 05:00:00.000,0.0,com.sec.android.app.shealth,2020-03-02 06:10:20.394,0.0,88dd7779-7093-3118-d234-556c56120a0c.binning_data.json,88dd7779-7093-3118-d234-556c56120a0c,10011,,1
2020-03-02 06:24:14.850,UTC+0000,0.0,,2020-03-02 06:59:59.999,Jfw01OFXaN,2020-03-02 06:00:00.000,0.0,com.sec.android.app.shealth,2020-03-02 12:15:31.350,0.0,437f3f5d-fa14-92a6-2427-0c8552780a99.binning_data.json,437f3f5d-fa14-92a6-2427-0c8552780a99,10011,,1
2020-03-02 13:02:30.681,UTC+0000,100.0,,2020-03-02 12:59:59.999,Jfw01OFXaN,2020-03-02 12:00:00.000,37.0,com.sec.android.app.shealth,2020-03-02 13:02:30.681,0.0,1da3ec82-b27e-672f-faf3-e6dfdc595a16.binning_data.json,1da3ec82-b27e-672f-faf3-e6dfdc595a16,10011,,1
2020-03-02 14:05:22.312,UTC+0000,100.0,,2020-03-02 13:59:59.999,Jfw01OFXaN,2020-03-02 13:00:00.000,18.0,com.sec.android.app.shealth,2020-03-02 14:05:22.312,0.0,c85a0caa-3213-2858-a9ad-22a38255ada1.binning_data.json,c85a0caa-3213-2858-a9ad-22a38255ada1,10011,,1
2020-03-02 15:01:58.682,UTC+0000,99.0,,2020-03-02 14:59:59.999,Jfw01OFXaN,2020-03-02 14:00:00.000,21.0,com.sec.android.app.shealth,2020-03-02 15:01:58.682,0.0,c2a89e47-65a8-00f0-f06a-375b07a468e7.binning_data.json,c2a89e47-65a8-00f0-f06a-375b07a468e7,10011,,1
2020-03-02 16:07:39.796,UTC+0000,100.0,,2020-03-02 15:59:59.999,Jfw01OFXaN,2020-03-02 15:00:00.000,29.0,com.sec.android.app.shealth,2020-03-02 16:07:39.796,0.0,2b16c307-4501-e986-9cc9-1ea17452ba5d.binning_data.json,2b16c307-4501-e986-9cc9-1ea17452ba5d,10011,,1
2020-03-02 17:03:27.544,UTC+0000,83.0,,2020-03-02 16:59:59.999,Jfw01OFXaN,2020-03-02 16:00:00.000,7.0,com.sec.android.app.shealth,2020-03-02 17:03:27.544,0.0,4bfe36f0-2830-501e-d1fe-582b1ba56a60.binning_data.json,4bfe36f0-2830-501e-d1fe-582b1ba56a60,10011,,1
2020-03-02 18:01:05.769,UTC+0000,94.0,,2020-03-02 17:59:59.999,Jfw01OFXaN,2020-03-02 17:00:00.000,3.0,com.sec.android.app.shealth,2020-03-02 18:01:05.769,0.0,7652cf3d-dbb4-5142-0bf7-14a843416fa7.binning_data.json,7652cf3d-dbb4-5142-0bf7-14a843416fa7,10011,,1
2020-03-02 19:03:49.555,UTC+0000,17.0,,2020-03-02 18:59:59.999,Jfw01OFXaN,2020-03-02 18:00:00.000,1.0,com.sec.android.app.shealth,2020-03-02 19:03:49.555,0.0,6431f619-836c-c523-80cc-f04756a94d7b.binning_data.json,6431f619-836c-c523-80cc-f04756a94d7b,10011,,1
2020-03-02 20:01:24.293,UTC+0000,63.0,,2020-03-02 19:59:59.999,Jfw01OFXaN,2020-03-02 19:00:00.000,2.0,com.sec.android.app.shealth,2020-03-02 20:01:24.293,0.0,6b9f8ebf-e11f-b4a1-bcd9-beb7f0f1bd50.binning_data.json,6b9f8ebf-e11f-b4a1-bcd9-beb7f0f1bd50,10011,,1
2020-03-02 21:02:21.420,UTC+0000,89.0,,2020-03-02 20:59:59.999,Jfw01OFXaN,2020-03-02 20:00:00.000,5.0,com.sec.android.app.shealth,2020-03-02 21:02:21.420,0.0,3b5f0ec6-14a3-6fdd-490f-47c8f66af6d1.binning_data.json,3b5f0ec6-14a3-6fdd-490f-47c8f66af6d1,10011,,1
2020-03-02 22:08:51.611,UTC+0000,99.0,,2020-03-02 21:59:59.999,Jfw01OFXaN,2020-03-02 21:00:00.000,18.0,com.sec.android.app.shealth,2020-03-02 22:08:51.611,0.0,378f3f9a-d38b-25fa-8ea9-c64fa347cc4a.binning_data.json,378f3f9a-d38b-25fa-8ea9-c64fa347cc4a,10011,,1
2020-03-02 23:08:54.333,UTC+0000,2.0,,2020-03-02 22:59:59.999,Jfw01OFXaN,2020-03-02 22:00:00.000,0.0,com.sec.android.app.shealth,2020-03-02 23:08:54.333,0.0,a95e37d4-6cbb-fade-875c-c9242e492b83.binning_data.json,a95e37d4-6cbb-fade-875c-c9242e492b83,10011,,1
2020-03-03 10:09:29.374,UTC+0000,99.0,,2020-03-03 09:59:59.999,Jfw01OFXaN,2020-03-03 09:00:00.000,50.0,com.sec.android.app.shealth,2020-03-03 10:09:29.374,17.0,48038d51-b310-acd1-322f-4f4ce357c682.binning_data.json,48038d51-b310-acd1-322f-4f4ce357c682,10011,,1
2020-03-03 11:09:29.382,UTC+0000,100.0,,2020-03-03 10:59:59.999,Jfw01OFXaN,2020-03-03 10:00:00.000,43.0,com.sec.android.app.shealth,2020-03-03 11:09:29.382,0.0,357ad533-fae9-ee63-08b0-7b6f1a0a08d5.binning_data.json,357ad533-fae9-ee63-08b0-7b6f1a0a08d5,10011,,1
2020-03-03 12:09:34.355,UTC+0000,95.0,,2020-03-03 11:59:59.999,Jfw01OFXaN,2020-03-03 11:00:00.000,28.0,com.sec.android.app.shealth,2020-03-03 12:09:34.355,0.0,3490fceb-950c-7140-5671-3cb2ff393871.binning_data.json,3490fceb-950c-7140-5671-3cb2ff393871,10011,,1
2020-03-03 13:09:40.342,UTC+0000,98.0,,2020-03-03 12:59:59.999,Jfw01OFXaN,2020-03-03 12:00:00.000,5.0,com.sec.android.app.shealth,2020-03-03 13:09:40.342,0.0,9d64dbd2-1e93-57b0-0b1b-68aa9ad1408e.binning_data.json,9d64dbd2-1e93-57b0-0b1b-68aa9ad1408e,10011,,1
2020-03-03 14:09:47.332,UTC+0000,10.0,,2020-03-03 13:59:59.999,Jfw01OFXaN,2020-03-03 13:00:00.000,0.0,com.sec.android.app.shealth,2020-03-03 14:09:47.332,0.0,988efc9b-9fd9-f49e-9578-d3934639a4cc.binning_data.json,988efc9b-9fd9-f49e-9578-d3934639a4cc,10011,,1
2020-03-03 15:09:51.353,UTC+0000,14.0,,2020-03-03 14:59:59.999,Jfw01OFXaN,2020-03-03 14:00:00.000,0.0,com.sec.android.app.shealth,2020-03-03 15:09:51.353,0.0,03e94bcf-7368-acde-411b-87297474abac.binning_data.json,03e94bcf-7368-acde-411b-87297474abac,10011,,1
2020-03-03 16:09:56.302,UTC+0000,100.0,,2020-03-03 15:59:59.999,Jfw01OFXaN,2020-03-03 15:00:00.000,37.0,com.sec.android.app.shealth,2020-03-03 16:09:56.302,0.0,84f9f626-67b7-0895-9bcf-2c9e3b10c21d.binning_data.json,84f9f626-67b7-0895-9bcf-2c9e3b10c21d,10011,,1
2020-03-03 17:09:59.368,UTC+0000,100.0,,2020-03-03 16:59:59.999,Jfw01OFXaN,2020-03-03 16:00:00.000,55.0,com.sec.android.app.shealth,2020-03-03 17:09:59.368,0.0,9a0eddf7-53ae-7f20-384b-5689af3e3eb8.binning_data.json,9a0eddf7-53ae-7f20-384b-5689af3e3eb8,10011,,1
2020-03-03 18:02:30.398,UTC+0000,100.0,,2020-03-03 17:59:59.999,Jfw01OFXaN,2020-03-03 17:00:00.000,30.0,com.sec.android.app.shealth,2020-03-03 18:02:30.398,0.0,52762eee-1641-489e-85f6-4bac903a0071.binning_data.json,52762eee-1641-489e-85f6-4bac903a0071,10011,,1
2020-03-03 19:10:05.376,UTC+0000,97.0,,2020-03-03 18:59:59.999,Jfw01OFXaN,2020-03-03 18:00:00.000,18.0,com.sec.android.app.shealth,2020-03-03 19:10:05.376,0.0,6502d5a6-02bc-fbc0-b02a-bf78327bd053.binning_data.json,6502d5a6-02bc-fbc0-b02a-bf78327bd053,10011,,1
2020-03-03 20:06:42.406,UTC+0000,97.0,,2020-03-03 19:59:59.999,Jfw01OFXaN,2020-03-03 19:00:00.000,29.0,com.sec.android.app.shealth,2020-03-03 20:06:42.406,0.0,7adfaf7d-c688-6ad8-3025-62d800e8ccff.binning_data.json,7adfaf7d-c688-6ad8-3025-62d800e8ccff,10011,,1
2020-03-03 21:04:08.366,UTC+0000,98.0,,2020-03-03 20:59:59.999,Jfw01OFXaN,2020-03-03 20:00:00.000,27.0,com.sec.android.app.shealth,2020-03-03 21:04:08.366,1.0,466f1eab-bdd5-7028-3605-71316ddfe96c.binning_data.json,466f1eab-bdd5-7028-3605-71316ddfe96c,10011,,1
2020-03-03 22:08:58.404,UTC+0000,100.0,,2020-03-03 21:59:59.999,Jfw01OFXaN,2020-03-03 21:00:00.000,11.0,com.sec.android.app.shealth,2020-03-03 22:08:58.404,0.0,af3bd04f-e668-f324-7e85-ed89f2e3513a.binning_data.json,af3bd04f-e668-f324-7e85-ed89f2e3513a,10011,,1
2020-03-03 23:09:08.586,UTC+0000,9.0,,2020-03-03 22:59:59.999,Jfw01OFXaN,2020-03-03 22:00:00.000,1.0,com.sec.android.app.shealth,2020-03-03 23:09:08.586,0.0,d5acf5b4-16aa-7472-8d24-fee749af31cd.binning_data.json,d5acf5b4-16aa-7472-8d24-fee749af31cd,10011,,1
2020-03-04 10:00:59.086,UTC+0000,2.0,,2020-03-04 09:59:59.999,Jfw01OFXaN,2020-03-04 09:00:00.000,1.0,com.sec.android.app.shealth,2020-03-04 10:00:59.086,1.0,66e63aa1-d398-e29f-ccba-d27c8afaaf62.binning_data.json,66e63aa1-d398-e29f-ccba-d27c8afaaf62,10011,,1
2020-03-04 10:00:59.131,UTC+0000,1.0,,2020-03-04 10:59:59.999,Jfw01OFXaN,2020-03-04 10:00:00.000,1.0,com.sec.android.app.shealth,2020-03-04 20:30:16.371,1.0,8d2b9543-f030-10b6-7978-d758c00a6f6a.binning_data.json,8d2b9543-f030-10b6-7978-d758c00a6f6a,10011,,1
2020-03-04 21:02:05.843,UTC+0000,25.0,,2020-03-04 20:59:59.999,Jfw01OFXaN,2020-03-04 20:00:00.000,3.0,com.sec.android.app.shealth,2020-03-04 21:02:05.843,0.0,c1b51a25-328a-390e-3c7d-093ceeb1416a.binning_data.json,c1b51a25-328a-390e-3c7d-093ceeb1416a,10011,,1
2020-03-04 22:02:11.054,UTC+0000,79.0,,2020-03-04 21:59:59.999,Jfw01OFXaN,2020-03-04 21:00:00.000,6.0,com.sec.android.app.shealth,2020-03-04 22:02:11.054,0.0,fa4bae3a-fa51-8159-9e65-67bac8d2a4cc.binning_data.json,fa4bae3a-fa51-8159-9e65-67bac8d2a4cc,10011,,1
2020-03-05 11:22:45.349,UTC+0000,25.0,,2020-03-05 08:59:59.999,Jfw01OFXaN,2020-03-05 08:00:00.000,1.0,com.sec.android.app.shealth,2020-03-05 11:22:45.349,0.0,fc145f26-5006-66c4-e542-def509209f46.binning_data.json,fc145f26-5006-66c4-e542-def509209f46,10011,,1
2020-03-05 12:07:19.421,UTC+0000,95.0,,2020-03-05 11:59:59.999,Jfw01OFXaN,2020-03-05 11:00:00.000,19.0,com.sec.android.app.shealth,2020-03-05 12:07:19.421,0.0,8d4307b3-d08b-9e2f-4d37-261978317e79.binning_data.json,8d4307b3-d08b-9e2f-4d37-261978317e79,10011,,1
2020-03-05 13:02:20.970,UTC+0000,98.0,,2020-03-05 12:59:59.999,Jfw01OFXaN,2020-03-05 12:00:00.000,43.0,com.sec.android.app.shealth,2020-03-05 13:02:20.970,0.0,e2a9ec79-63e2-1568-618a-9e2e97b0ef49.binning_data.json,e2a9ec79-63e2-1568-618a-9e2e97b0ef49,10011,,1
2020-03-05 14:05:47.102,UTC+0000,68.0,,2020-03-05 13:59:59.999,Jfw01OFXaN,2020-03-05 13:00:00.000,7.0,com.sec.android.app.shealth,2020-03-05 14:05:47.102,0.0,b09d1cf5-7b30-2e50-af9a-e7c5212f4079.binning_data.json,b09d1cf5-7b30-2e50-af9a-e7c5212f4079,10011,,1
2020-03-05 15:01:23.581,UTC+0000,100.0,,2020-03-05 14:59:59.999,Jfw01OFXaN,2020-03-05 14:00:00.000,22.0,com.sec.android.app.shealth,2020-03-05 15:01:23.581,0.0,bdc7866f-4efa-8565-01a6-2ad1bde12802.binning_data.json,bdc7866f-4efa-8565-01a6-2ad1bde12802,10011,,1
2020-03-05 16:10:46.936,UTC+0000,97.0,,2020-03-05 15:59:59.999,Jfw01OFXaN,2020-03-05 15:00:00.000,20.0,com.sec.android.app.shealth,2020-03-05 16:10:46.936,0.0,4398098e-78a0-06a5-4af0-efd508933e6e.binning_data.json,4398098e-78a0-06a5-4af0-efd508933e6e,10011,,1
2020-03-05 16:14:00.521,UTC+0000,31.0,,2020-03-05 16:59:59.999,Jfw01OFXaN,2020-03-05 16:00:00.000,9.0,com.sec.android.app.shealth,2020-03-05 18:51:00.370,0.0,615a3254-df22-2060-3806-98490f8117cd.binning_data.json,615a3254-df22-2060-3806-98490f8117cd,10011,,1
2020-03-05 19:03:48.435,UTC+0000,4.0,,2020-03-05 18:59:59.999,Jfw01OFXaN,2020-03-05 18:00:00.000,0.0,com.sec.android.app.shealth,2020-03-05 19:03:48.435,0.0,c6800dc4-4ecc-c6ad-f46e-16b1c7378313.binning_data.json,c6800dc4-4ecc-c6ad-f46e-16b1c7378313,10011,,1
2020-03-05 20:01:14.515,UTC+0000,95.0,,2020-03-05 19:59:59.999,Jfw01OFXaN,2020-03-05 19:00:00.000,10.0,com.sec.android.app.shealth,2020-03-05 20:01:14.515,0.0,5261e915-0ea1-9719-a28c-08a21134814f.binning_data.json,5261e915-0ea1-9719-a28c-08a21134814f,10011,,1
2020-03-05 21:02:21.540,UTC+0000,99.0,,2020-03-05 20:59:59.999,Jfw01OFXaN,2020-03-05 20:00:00.000,25.0,com.sec.android.app.shealth,2020-03-05 21:02:21.540,0.0,f69af6c6-ede6-2cb1-3e00-dee5674f41fb.binning_data.json,f69af6c6-ede6-2cb1-3e00-dee5674f41fb,10011,,1
2020-03-05 22:03:39.409,UTC+0000,63.0,,2020-03-05 21:59:59.999,Jfw01OFXaN,2020-03-05 21:00:00.000,6.0,com.sec.android.app.shealth,2020-03-05 22:03:39.409,0.0,1fd507cb-338e-2d69-7624-c9e0ad663138.binning_data.json,1fd507cb-338e-2d69-7624-c9e0ad663138,10011,,1
2020-03-05 23:06:03.671,UTC+0000,100.0,,2020-03-05 22:59:59.999,Jfw01OFXaN,2020-03-05 22:00:00.000,7.0,com.sec.android.app.shealth,2020-03-05 23:06:03.671,0.0,5075b7c3-e531-9e17-edcf-4cc12e2f4418.binning_data.json,5075b7c3-e531-9e17-edcf-4cc12e2f4418,10011,,1
2020-03-06 00:06:06.596,UTC+0000,9.0,,2020-03-05 23:59:59.999,Jfw01OFXaN,2020-03-05 23:00:00.000,0.0,com.sec.android.app.shealth,2020-03-06 00:06:06.596,0.0,8a656e09-9f8f-1038-c4f9-746298a49919.binning_data.json,8a656e09-9f8f-1038-c4f9-746298a49919,10011,,1
2020-03-06 01:06:15.442,UTC+0000,5.0,,2020-03-06 00:59:59.999,Jfw01OFXaN,2020-03-06 00:00:00.000,0.0,com.sec.android.app.shealth,2020-03-06 01:06:15.442,0.0,101ce13d-ca5f-519b-6f6c-7ddb4087bc2d.binning_data.json,101ce13d-ca5f-519b-6f6c-7ddb4087bc2d,10011,,1
2020-03-07 00:05:38.471,UTC+0000,85.0,,2020-03-06 23:59:59.999,Jfw01OFXaN,2020-03-06 23:00:00.000,25.0,com.sec.android.app.shealth,2020-03-07 00:05:38.471,3.0,dd89f9bb-7bd8-e826-19ce-721751f9c965.binning_data.json,dd89f9bb-7bd8-e826-19ce-721751f9c965,10011,,1
2020-03-07 01:05:40.490,UTC+0000,83.0,,2020-03-07 00:59:59.999,Jfw01OFXaN,2020-03-07 00:00:00.000,72.0,com.sec.android.app.shealth,2020-03-07 01:05:40.490,62.0,97bbc5ed-c397-01f4-84b4-c9dec999b0b9.binning_data.json,97bbc5ed-c397-01f4-84b4-c9dec999b0b9,10011,,1
2020-03-07 12:09:36.204,UTC+0000,98.0,,2020-03-07 11:59:59.999,Jfw01OFXaN,2020-03-07 11:00:00.000,11.0,com.sec.android.app.shealth,2020-03-07 12:09:36.204,0.0,dfa09bc7-ce58-3fa0-ed51-894d9596db3e.binning_data.json,dfa09bc7-ce58-3fa0-ed51-894d9596db3e,10011,,1
2020-03-07 13:09:38.336,UTC+0000,99.0,,2020-03-07 12:59:59.999,Jfw01OFXaN,2020-03-07 12:00:00.000,32.0,com.sec.android.app.shealth,2020-03-07 13:09:38.336,0.0,7a6e24af-a9e9-b738-eda9-cebc94e58aba.binning_data.json,7a6e24af-a9e9-b738-eda9-cebc94e58aba,10011,,1
2020-03-07 14:06:37.537,UTC+0000,100.0,,2020-03-07 13:59:59.999,Jfw01OFXaN,2020-03-07 13:00:00.000,34.0,com.sec.android.app.shealth,2020-03-07 14:06:37.537,0.0,327fa655-fbcf-4252-8e54-b2196c1a7472.binning_data.json,327fa655-fbcf-4252-8e54-b2196c1a7472,10011,,1
2020-03-07 15:08:34.626,UTC+0000,85.0,,2020-03-07 14:59:59.999,Jfw01OFXaN,2020-03-07 14:00:00.000,3.0,com.sec.android.app.shealth,2020-03-07 15:08:34.626,0.0,cd8babae-00fe-6377-9004-ab4b90346adc.binning_data.json,cd8babae-00fe-6377-9004-ab4b90346adc,10011,,1
2020-03-07 16:03:15.395,UTC+0000,33.0,,2020-03-07 15:59:59.999,Jfw01OFXaN,2020-03-07 15:00:00.000,3.0,com.sec.android.app.shealth,2020-03-07 16:03:15.395,0.0,5415ef90-61e7-ca3a-a7ad-5b869283b109.binning_data.json,5415ef90-61e7-ca3a-a7ad-5b869283b109,10011,,1
2020-03-07 17:03:13.673,UTC+0000,99.0,,2020-03-07 16:59:59.999,Jfw01OFXaN,2020-03-07 16:00:00.000,8.0,com.sec.android.app.shealth,2020-03-07 17:03:13.673,0.0,68c86144-961f-56fd-e86d-8982f0f5f615.binning_data.json,68c86144-961f-56fd-e86d-8982f0f5f615,10011,,1
2020-03-07 18:06:45.371,UTC+0000,46.0,,2020-03-07 17:59:59.999,Jfw01OFXaN,2020-03-07 17:00:00.000,5.0,com.sec.android.app.shealth,2020-03-07 18:06:45.371,0.0,735bfca2-bb94-7f23-5f4c-7a1547947dcd.binning_data.json,735bfca2-bb94-7f23-5f4c-7a1547947dcd,10011,,1
2020-03-07 19:01:43.258,UTC+0000,98.0,,2020-03-07 18:59:59.999,Jfw01OFXaN,2020-03-07 18:00:00.000,13.0,com.sec.android.app.shealth,2020-03-07 19:01:43.258,0.0,9ead30bf-6939-a6c9-d32c-bcf49337e071.binning_data.json,9ead30bf-6939-a6c9-d32c-bcf49337e071,10011,,1
2020-03-07 20:04:03.644,UTC+0000,66.0,,2020-03-07 19:59:59.999,Jfw01OFXaN,2020-03-07 19:00:00.000,4.0,com.sec.android.app.shealth,2020-03-07 20:04:03.644,0.0,3afacf43-3155-c3ad-fe49-72762ea7d2db.binning_data.json,3afacf43-3155-c3ad-fe49-72762ea7d2db,10011,,1
2020-03-07 21:04:38.813,UTC+0000,93.0,,2020-03-07 20:59:59.999,Jfw01OFXaN,2020-03-07 20:00:00.000,13.0,com.sec.android.app.shealth,2020-03-07 21:04:38.813,0.0,a47a35da-e80b-fb39-d1ae-4fd0ed069fdf.binning_data.json,a47a35da-e80b-fb39-d1ae-4fd0ed069fdf,10011,,1
2020-03-07 22:02:10.509,UTC+0000,99.0,,2020-03-07 21:59:59.999,Jfw01OFXaN,2020-03-07 21:00:00.000,61.0,com.sec.android.app.shealth,2020-03-07 22:02:10.509,1.0,893bda2e-7eb0-96bc-a65e-123f7058363d.binning_data.json,893bda2e-7eb0-96bc-a65e-123f7058363d,10011,,1
2020-03-07 23:02:04.254,UTC+0000,98.0,,2020-03-07 22:59:59.999,Jfw01OFXaN,2020-03-07 22:00:00.000,55.0,com.sec.android.app.shealth,2020-03-07 23:02:04.254,2.0,6855bf65-ba83-d5de-2bef-176b7c3d1c85.binning_data.json,6855bf65-ba83-d5de-2bef-176b7c3d1c85,10011,,1
2020-03-08 00:06:48.690,UTC+0000,73.0,,2020-03-07 23:59:59.999,Jfw01OFXaN,2020-03-07 23:00:00.000,1.0,com.sec.android.app.shealth,2020-03-08 00:06:48.690,0.0,8cd8c9dd-bee3-2ca2-2ecd-f5fe8eec3548.binning_data.json,8cd8c9dd-bee3-2ca2-2ecd-f5fe8eec3548,10011,,1
2020-03-08 01:06:49.757,UTC+0000,9.0,,2020-03-08 00:59:59.999,Jfw01OFXaN,2020-03-08 00:00:00.000,2.0,com.sec.android.app.shealth,2020-03-08 01:06:49.757,0.0,d0d46211-bb42-ed65-72ff-709df51b1f80.binning_data.json,d0d46211-bb42-ed65-72ff-709df51b1f80,10011,,1
2020-03-08 09:04:49.262,UTC+0000,7.0,,2020-03-08 08:59:59.999,Jfw01OFXaN,2020-03-08 08:00:00.000,1.0,com.sec.android.app.shealth,2020-03-08 09:04:49.262,0.0,796e0dfa-e279-a559-39bb-d2feb8ea6317.binning_data.json,796e0dfa-e279-a559-39bb-d2feb8ea6317,10011,,1
2020-03-08 10:01:27.627,UTC+0000,55.0,,2020-03-08 09:59:59.999,Jfw01OFXaN,2020-03-08 09:00:00.000,1.0,com.sec.android.app.shealth,2020-03-08 10:01:27.627,0.0,e2a27122-9465-0e17-45c3-187529402b6c.binning_data.json,e2a27122-9465-0e17-45c3-187529402b6c,10011,,1
2020-03-08 10:43:40.188,UTC+0000,21.0,,2020-03-08 10:43:40.185,Jfw01OFXaN,2020-03-08 10:00:00.000,2.0,com.sec.android.app.shealth,2020-03-08 10:43:40.188,0.0,35d80ff1-26a2-d129-c916-11ce891acf25.binning_data.json,35d80ff1-26a2-d129-c916-11ce891acf25,10011,,1
2020-03-09 14:08:47.366,UTC+0000,100.0,,2020-03-09 13:59:59.999,Jfw01OFXaN,2020-03-09 13:00:00.000,48.0,com.sec.android.app.shealth,2020-03-09 14:08:47.366,0.0,ec0cefd7-29aa-6edd-d602-c1ff5b9d8552.binning_data.json,ec0cefd7-29aa-6edd-d602-c1ff5b9d8552,10011,,1
2020-03-09 15:05:46.879,UTC+0000,95.0,,2020-03-09 14:59:59.999,Jfw01OFXaN,2020-03-09 14:00:00.000,24.0,com.sec.android.app.shealth,2020-03-09 15:05:46.879,0.0,d80346c0-196d-0960-1db0-a7f477e6009a.binning_data.json,d80346c0-196d-0960-1db0-a7f477e6009a,10011,,1
2020-03-09 16:03:17.402,UTC+0000,97.0,,2020-03-09 15:59:59.999,Jfw01OFXaN,2020-03-09 15:00:00.000,39.0,com.sec.android.app.shealth,2020-03-09 16:03:17.402,1.0,911d5dbb-b62b-c397-9c77-2088c5ecc7c7.binning_data.json,911d5dbb-b62b-c397-9c77-2088c5ecc7c7,10011,,1
2020-03-09 17:06:06.587,UTC+0000,98.0,,2020-03-09 16:59:59.999,Jfw01OFXaN,2020-03-09 16:00:00.000,35.0,com.sec.android.app.shealth,2020-03-09 17:06:06.587,0.0,63455266-e929-416a-b897-7508eb3810e4.binning_data.json,63455266-e929-416a-b897-7508eb3810e4,10011,,1
2020-03-09 18:05:34.441,UTC+0000,86.0,,2020-03-09 17:59:59.999,Jfw01OFXaN,2020-03-09 17:00:00.000,11.0,com.sec.android.app.shealth,2020-03-09 18:05:34.441,0.0,fcca55ec-878b-548b-4ddf-9b70b1518f1f.binning_data.json,fcca55ec-878b-548b-4ddf-9b70b1518f1f,10011,,1
2020-03-09 19:10:14.460,UTC+0000,62.0,,2020-03-09 18:59:59.999,Jfw01OFXaN,2020-03-09 18:00:00.000,5.0,com.sec.android.app.shealth,2020-03-09 19:10:14.460,0.0,fb86d1db-7d0e-9f9a-4d6f-d65274bbdf5c.binning_data.json,fb86d1db-7d0e-9f9a-4d6f-d65274bbdf5c,10011,,1
2020-03-09 19:50:00.860,UTC+0000,50.0,,2020-03-09 19:50:00.856,Jfw01OFXaN,2020-03-09 19:00:00.000,5.0,com.sec.android.app.shealth,2020-03-09 19:50:00.860,0.0,ca23dced-a77c-c041-8357-d6134523a701.binning_data.json,ca23dced-a77c-c041-8357-d6134523a701,10011,,1
2020-03-09 23:01:06.687,UTC+0000,16.0,,2020-03-09 22:59:59.999,Jfw01OFXaN,2020-03-09 22:00:00.000,3.0,com.sec.android.app.shealth,2020-03-09 23:01:06.687,0.0,1707c9a1-c5ef-173b-e6a6-1f254309c99a.binning_data.json,1707c9a1-c5ef-173b-e6a6-1f254309c99a,10011,,1
2020-03-10 18:05:13.339,UTC+0000,90.0,,2020-03-10 17:59:59.999,Jfw01OFXaN,2020-03-10 17:00:00.000,26.0,com.sec.android.app.shealth,2020-03-10 18:05:13.339,0.0,548efc04-64fc-7682-09e4-02346f0919b6.binning_data.json,548efc04-64fc-7682-09e4-02346f0919b6,10011,,1
2020-03-10 19:04:00.255,UTC+0000,88.0,,2020-03-10 18:59:59.999,Jfw01OFXaN,2020-03-10 18:00:00.000,19.0,com.sec.android.app.shealth,2020-03-10 19:04:00.255,0.0,9070fb62-80db-406c-9563-a10293d3ae08.binning_data.json,9070fb62-80db-406c-9563-a10293d3ae08,10011,,1
2020-03-10 20:03:19.626,UTC+0000,73.0,,2020-03-10 19:59:59.999,Jfw01OFXaN,2020-03-10 19:00:00.000,11.0,com.sec.android.app.shealth,2020-03-10 20:03:19.626,0.0,3b161c79-ad43-d51d-421f-1cc897c65890.binning_data.json,3b161c79-ad43-d51d-421f-1cc897c65890,10011,,1
2020-03-10 21:07:16.464,UTC+0000,54.0,,2020-03-10 20:59:59.999,Jfw01OFXaN,2020-03-10 20:00:00.000,9.0,com.sec.android.app.shealth,2020-03-10 21:07:16.464,0.0,18027246-af31-f868-e77e-34adc3e62c7a.binning_data.json,18027246-af31-f868-e77e-34adc3e62c7a,10011,,1
2020-03-10 22:09:00.370,UTC+0000,98.0,,2020-03-10 21:59:59.999,Jfw01OFXaN,2020-03-10 21:00:00.000,26.0,com.sec.android.app.shealth,2020-03-10 22:09:00.370,0.0,32996ffa-2950-5d2a-e3be-0dc2b121345e.binning_data.json,32996ffa-2950-5d2a-e3be-0dc2b121345e,10011,,1
2020-03-10 23:06:05.420,UTC+0000,99.0,,2020-03-10 22:59:59.999,Jfw01OFXaN,2020-03-10 22:00:00.000,33.0,com.sec.android.app.shealth,2020-03-10 23:06:05.420,0.0,623e0ef4-6b16-b4a7-328b-ff959e7a6813.binning_data.json,623e0ef4-6b16-b4a7-328b-ff959e7a6813,10011,,1
2020-03-10 23:45:14.206,UTC+0000,100.0,,2020-03-10 23:59:59.999,Jfw01OFXaN,2020-03-10 23:00:00.000,18.0,com.sec.android.app.shealth,2020-03-11 00:01:39.218,1.0,2b86681d-31e5-97e0-90e6-ece644590106.binning_data.json,2b86681d-31e5-97e0-90e6-ece644590106,10011,,1
2020-03-11 00:01:39.253,UTC+0000,32.0,,2020-03-11 00:59:59.999,Jfw01OFXaN,2020-03-11 00:00:00.000,1.0,com.sec.android.app.shealth,2020-03-11 01:10:53.382,0.0,5285e8b8-19fb-c0be-42f6-06712e8d7fd3.binning_data.json,5285e8b8-19fb-c0be-42f6-06712e8d7fd3,10011,,1
2020-03-11 02:10:55.388,UTC+0000,4.0,,2020-03-11 01:59:59.999,Jfw01OFXaN,2020-03-11 01:00:00.000,0.0,com.sec.android.app.shealth,2020-03-11 02:10:55.388,0.0,d8c8b1df-3063-ef6d-e0f7-261213d39062.binning_data.json,d8c8b1df-3063-ef6d-e0f7-261213d39062,10011,,1
2020-03-11 13:05:10.461,UTC+0000,100.0,,2020-03-11 12:59:59.999,Jfw01OFXaN,2020-03-11 12:00:00.000,14.0,com.sec.android.app.shealth,2020-03-11 13:05:10.461,0.0,ae007eea-0732-c2c8-f480-77e93ae0e5ee.binning_data.json,ae007eea-0732-c2c8-f480-77e93ae0e5ee,10011,,1
2020-03-11 14:03:20.554,UTC+0000,44.0,,2020-03-11 13:59:59.999,Jfw01OFXaN,2020-03-11 13:00:00.000,4.0,com.sec.android.app.shealth,2020-03-11 14:03:20.554,0.0,356ae85a-3b16-2a6f-a1d1-707fcecfd918.binning_data.json,356ae85a-3b16-2a6f-a1d1-707fcecfd918,10011,,1
2020-03-11 15:03:06.310,UTC+0000,35.0,,2020-03-11 14:59:59.999,Jfw01OFXaN,2020-03-11 14:00:00.000,5.0,com.sec.android.app.shealth,2020-03-11 15:03:06.310,0.0,a0d7d9b4-02ec-74cb-be74-299f652a4a86.binning_data.json,a0d7d9b4-02ec-74cb-be74-299f652a4a86,10011,,1
2020-03-11 15:35:52.531,UTC+0000,100.0,,2020-03-11 15:35:52.528,Jfw01OFXaN,2020-03-11 15:00:00.000,46.0,com.sec.android.app.shealth,2020-03-11 15:35:52.531,0.0,a13b21b8-3c56-23c0-9803-035d6c403ff7.binning_data.json,a13b21b8-3c56-23c0-9803-035d6c403ff7,10011,,1
